,States,2016,2017,2018,2019,2020,2021,2022,2023,2024,2025,2026,2027,2028,2029,2030,2031,2032,2033,2034,2035,2036,2037,2038,2039,2040,2041,2042,2043,2044,2045,2046,2047,2048,2049,2050,2051,2052,2053,2054,2055,2056,2057,2058,2059,2060
0,Alabama,0.039947116546126524,0.0400793758840686,0.040212073114253864,0.04034520968648252,0.04047878705535487,0.040612806680287196,0.0407472700255277,0.04088217856017252,0.04101753375818174,0.04115333709839555,0.041289590064550345,0.041426294145294994,0.04156345083420705,0.04170106162980911,0.041839128035585156,0.04197765155999701,0.0421166337165008,0.042256076023563474,0.042395980004679444,0.04253634718838718,0.042677179108285945,0.04281847730305252,0.042960243316458036,0.04310247869738484,0.043245184999843395,0.043388363782989305,0.0435320166111403,0.04367614505379335,0.04382075068564182,0.04396583508659266,0.044111399841783666,0.04425744654160082,0.04440397678169563,0.044550992163002595,0.044698494291756694,0.044846484779510906,0.044994965243153856,0.04514393730492745,0.04529340259244462,0.04544336273870708,0.045593819382123216,0.04574477416652593,0.04589622874119063,0.04604818476085325,0.046200643885728324
1,Alaska,0.07316226451738202,0.0719243177144483,0.07070731767002462,0.06951090995313623,0.06833474612998044,0.06717848366245117,0.0660417858083804,0.06492432152346758,0.0638257653648686,0.06274579739641589,0.061684103095442394,0.06064037326118207,0.05961430392472034,0.058605596260468185,0.05761395649913419,0.05663909584216915,0.05568073037765825,0.05473858099763653,0.05381237331680329,0.05290183759261195,0.052006708646712065,0.051126725787720505,0.05026163273529946,0.049411177545519075,0.04857511253748295,0.04775319422119524,0.04694518322664822,0.0461508442341098,0.04536994590559053,0.044602260817470304,0.04384756539426501,0.04310563984351389,0.042376268091768664,0.04165923772166573,0.04095433991006314,0.040261369367224374,0.03958012427703109,0.038910406238207546,0.038252020206539575,0.03760477443807117,0.03696848043326226,0.03634295288209137,0.035728009610087166,0.035123471525273176,0.034529162566010234
2,Arizona,0.04196400786506753,0.042076661591360254,0.042189617740197756,0.042302877123443064,0.042416440555138685,0.04253030885151244,0.04264448283098335,0.042758963314167495,0.04287375112388394,0.042988847085160625,0.043104252025240306,0.0432199667735865,0.04333599216188944,0.04345232902407207,0.043568978196296015,0.04368594051696761,0.04380321682674391,0.04392080796853875,0.044038714787528785,0.04415693813115959,0.044275478849151714,0.04439433779350683,0.044513515818513816,0.04463301378075493,0.04475283253911195,0.04487297295477234,0.044993435891235466,0.045114222214318773,0.045235332792164025,0.04535676849524354,0.04547853019636645,0.045600618770684956,0.04572303509570066,0.045845780051270824,0.04596885451961472,0.046092259385319974,0.0462159955353489,0.046340063859044905,0.04646446524813886,0.046589200596755524,0.04671427080141995,0.04683967676106396,0.04696541937703256,0.04709149955309047,0.04721791819542859
3,Arkansas,0.037726151687103124,0.03792535647789494,0.03812561312653336,0.03832692718712643,0.03852930424310944,0.03873274990739983,0.03893726982255283,0.03914286966091794,0.03934955512479631,0.03955733194659883,0.03976620588900516,0.03997618274512355,0.0401872683386515,0.04039946852403729,0.04061278918664234,0.04082723624290445,0.041042815640501905,0.041259533358518403,0.04147739540760891,0.04169640783016636,0.04191657670048922,0.04213790812495,0.04236040824216458,0.04258408322316247,0.042808939271557975,0.04303498262372224,0.04326221954895622,0.04349065634966456,0.04372029936153039,0.043951154953691056,0.044183229528914736,0.04441652952377806,0.0446510614088446,0.04488683168884435,0.04512384690285412,0.045362113624478895,0.04560163846203417,0.04584242805872921,0.04608448909285132,0.04632782827795107,0.04657245236302846,0.04681836813272014,0.04706558240748755,0.047314102043806136,0.04756393393435544
4,California,0.061988085566777866,0.06333668440594713,0.06471462305795912,0.06612253983317914,0.06756108692890911,0.06903093073150869,0.07053275212508921,0.07206724680692349,0.07363512560971766,0.07523711483089422,0.07687395656903895,0.07854640906766744,0.08025524706647058,0.08200126216020161,0.08378526316537108,0.0856080764949195,0.08747054654104136,0.08937353606633767,0.09131792660347846,0.09330461886356009,0.09533453315334688,0.09740860980158995,0.09952780959462115,0.10169311422142353,0.10390552672838471,0.1061660719839438,0.10847579715334703,0.11083577218373203,0.1132470902997656,0.11571086851006433,0.11822824812463292,0.12080039528355968,0.12342850149721421,0.12611378419819758,0.12885748730530053,0.13166088179973112,0.13452526631387848,0.13745196773288576,0.14044234180931067,0.14349777379115844,0.1466196790635782,0.1498095038045198,0.1530687256546551,0.15639885440187393,0.1598014326806716
5,Colorado,0.05758097492153672,0.058478902503828555,0.05939083252258728,0.06031698333420474,0.06125757670015975,0.062212837840117594,0.06318299548585757,0.06416828193604152,0.06516893311183639,0.0661851886134042,0.06721729177727291,0.06826548973460199,0.06933003347035649,0.07041117788340402,0.07150918184754874,0.07262430827351728,0.0737568241719111,0.07490700071714074,0.07607511331235693,0.07726144165539428,0.07846626980574332,0.07968988625256693,0.08093258398377737,0.08219466055619058,0.08347641816677444,0.0847781637250081,0.08610020892636966,0.08744287032696989,0.08880646941934973,0.0901913327094599,0.09159779179484079,0.0930261834440216,0.09447684967715765,0.09595013784792514,0.09744640072669294,0.09896599658499151,0.10050928928129885,0.10207664834816438,0.10366844908069138,0.10528507262639923,0.10692690607648699,0.10859434255852013,0.11028778133056273,0.11200762787677747,0.11375429400451649
6,Connecticut,0.0679924854833837,0.06819769086174031,0.06840351556217357,0.06860996145383447,0.0688170304115152,0.06902472431566618,0.06923304505241316,0.06944199451357431,0.06965157459667744,0.06986178720497718,0.07007263424747234,0.07028411763892317,0.07049623929986878,0.07070900115664461,0.07092240514139986,0.07113645319211509,0.0713511472526198,0.07156648927261008,0.07178248120766634,0.07199912501927101,0.07221642267482642,0.07243437614767262,0.07265298741710534,0.07287225846839392,0.07309219129279937,0.07331278788759245,0.07353405025607179,0.07375598040758212,0.07397858035753246,0.07420185212741448,0.0744257977448208,0.07465041924346348,0.07487571866319241,0.07510169805001389,0.07532835945610918,0.07555570493985313,0.07578373656583291,0.07601245640486674,0.07624186653402268,0.0764719690366375,0.07670276600233561,0.07693425952704805,0.07716645171303148,0.0773993446688873,0.07763294050958082
7,Delaware,0.06639256587218535,0.06612164712350517,0.06585183387462638,0.0655831216144924,0.06531550585045423,0.06504898210819543,0.06478354593165725,0.06451919288296415,0.06425591854234959,0.06399371850808216,0.06373258839639198,0.06347252384139737,0.06321352049503191,0.06295557402697173,0.06269868012456306,0.062442834492750204,0.06218803285400367,0.06193427094824869,0.06168154453279396,0.061429849382260746,0.06117918128851221,0.06092953606058307,0.06068090952460952,0.060433297523759436,0.060186695918162905,0.05994110058484299,0.05969650741764681,0.05945291232717687,0.059210311240722714,0.0589687001021928,0.058728074872046725,0.05848843152722765,0.05824976606109507,0.058012074483357795,0.057775352820007266,0.057539597113251094,0.05730480342144689,0.057070967819036374,0.05683808639647973,0.056606155260190236,0.05637517053246921,0.05614512835144112,0.05591602487098905,0.055687856260690394,0.0554606187057528
8,District of Columbia,0.17445564766008326,0.17403060568494944,0.17360659927778402,0.1731836259155397,0.1727616830813163,0.17234076826434572,0.17192087895997715,0.17150201266966209,0.17108416690093942,0.17066733916742066,0.17025152698877513,0.16983672789071522,0.16942293940498165,0.16901015906932876,0.16859838442750988,0.16818761302926274,0.16777784243029487,0.167369070192269,0.16696129388278863,0.16655451107538355,0.16614871934949535,0.16574391629046303,0.16534009948950867,0.1649372665437231,0.1645354150560515,0.16413454263527924,0.16373464689601766,0.1633357254586898,0.16293777594951628,0.16254079600050117,0.16214478324941795,0.1617497353397953,0.1613556499209033,0.16096252464773922,0.16057035718101376,0.160179145187137,0.15978888633820454,0.1593995783119837,0.15901121879189964,0.1586238054670216,0.15823733603204915,0.15785180818729846,0.15746721963868865,0.1570835680977281,0.15670085128150088
9,Florida,0.04276518706669428,0.04326797318665684,0.04377667051383644,0.04429134854571796,0.044812077596861385,0.045338928808508115,0.04587197415830017,0.04641128647011364,0.046956939424007825,0.04750900756629127,0.04806756631970616,0.0486326919937325,0.049204461795013366,0.0497829538379028,0.05036824715513765,0.05096042170863492,0.051559558400416046,0.052165739083659624,0.052779046573884054,0.05339956466026168,0.054027378117065955,0.05466257271525316,0.05530523523418033,0.0559554534734609,0.056613316264959766,0.05727891348492938,0.057952336066288496,0.05863367601104529,0.059323026402866554,0.06002048141979463,0.06072613634711391,0.06144008759036852,0.06216243268853318,0.06289327032733875,0.06363270035275459,0.06438082378462935,0.06513774283049216,0.06590356089951607,0.06667838261664566,0.06746231383689072,0.06825546165978807,0.0690579344440333,0.06986984182228455,0.07069129471614043,0.07152240535129391
10,Georgia,0.049196429004774854,0.050035137196518885,0.05088814381286667,0.051755692615531944,0.052638031521915166,0.053535412675950265,0.05444809252015926,0.05537633186893521,0.056320395983074555,0.05728055464558007,0.058257082238756135,0.059250257822618294,0.06026036521463963,0.06128769307085659,0.06233253496835757,0.06339518948917774,0.06447596030562415,0.06557515626705544,0.06669309148814102,0.06783008543862488,0.06898646303461972,0.07016255473145745,0.07135869661812266,0.07257523051329598,0.07381250406303481,0.07507087084011935,0.0763506904450922,0.07765232860902065,0.07897615729801073,0.08032255481950315,0.0816919059303813,0.08308460194692233,0.08450104085662272,0.0859416274319302,0.08740677334591468,0.08889689728991104,0.09041242509316764,0.09195378984453453,0.0935214320162262,0.09511579958969436,0.09673734818364653,0.09838654118424713,0.10006384987753827,0.10176975358411809,0.10350473979611505
11,Hawaii,0.05415110688945255,0.05468896927100933,0.055232174035355894,0.05578077424635179,0.05633482349491974,0.056894375904280745,0.057459486135241204,0.05803020939153256,0.05860660142520395,0.05918871854206844,0.05977661760720337,0.06037035605050529,0.0609699918723001,0.06157558364900892,0.062187190538870216,0.06280487228771876,0.06342868923482205,0.06405870231877456,0.06469497308345072,0.0653375636840169,0.0659865368930031,0.06664195610643506,0.06730388535002714,0.06797238928543684,0.0686475332165813,0.06932938309601674,0.07001800553138102,0.07071346779190038,0.07141583781496076,0.07212518421274436,0.0728415762789321,0.07356508399547275,0.07429577803941918,0.07503372978983261,0.07577901133475534,0.07653169547825285,0.07729185574752574,0.07805956640009237,0.07883490243104285,0.07961793958036502,0.08040875434034327,0.0812074239630308,0.08201402646779611,0.08282864064894449,0.08365134608341511
12,Idaho,0.03892045792270474,0.03941344273180995,0.039912671918165075,0.04041822457598664,0.040930180801335696,0.041448621704807634,0.04197362942438276,0.04250528713843965,0.04304367907893329,0.0435888905447402,0.04414100791517256,0.04470011866366349,0.045266311371625734,0.045839675742485826,0.04642030261589605,0.047008283982126434,0.047603712996638965,0.0482066839948465,0.04881729250705856,0.04943563527361647,0.050061810260220156,0.05069591667344915,0.051338054976480134,0.05198832690500359,0.052646835483342064,0.05331368504077259,0.05398898122805585,0.054672831034174696,0.055365342803284714,0.05606662625187949,0.05677679248617326,0.05749595401970379,0.05822422479115817,0.05896172018242446,0.059708557036871925,0.06046485367786285,0.061230729927498825,0.062006307125604496,0.06279170814895174,0.06358705743072736,0.06439248098024739,0.06520810640292105,0.06603406292046766,0.06687048139138956,0.06771749433170435
13,Illinois,0.05844794835656912,0.058871921275571455,0.05929896963248225,0.05972911573608092,0.06016238205697152,0.06059879122875661,0.061038366049219604,0.06148112948151572,0.06192710465537157,0.062376314868293446,0.06282878358678434,0.06328453444756989,0.06374359125883304,0.06420597800145789,0.06467171883028235,0.06514083807536003,0.06561336024323121,0.06608931001820305,0.06656871226363907,0.06705159202325804,0.0675379745224422,0.06802788516955505,0.06852134955726867,0.06901839346390068,0.06951904285476083,0.07002332388350747,0.0705312628935138,0.071042886419244,0.0715582211876394,0.07207729411951466,0.07260013233096414,0.07312676313477841,0.07365721404187102,0.07419151276271573,0.07472968720879399,0.07527176549405312,0.07581777593637494,0.07636774705905502,0.07692170759229282,0.07747968647469243,0.07804171285477442,0.07860781609249845,0.07917802576079709,0.07975237164712065,0.08033088375499327
14,Indiana,0.04817408126006888,0.048632728109175793,0.04909574155805366,0.049563163179414886,0.050035034941769654,0.05051139921319415,0.05099229876513466,0.05147777677624794,0.05196787683627805,0.052462642949970224,0.05296211954102189,0.05346635145607136,0.05397538396872452,0.05448926278361977,0.055008034040531756,0.055531744318514126,0.056060440640081734,0.056594170475432665,0.05713298174671045,0.05767692283230687,0.058226042571205706,0.05878039026736789,0.059340015694158324,0.05990496909881495,0.060475301206960264,0.06105106322715586,0.0616323068555003,0.06221908428027076,0.06281144818660887,0.06340945176125119,0.06401314869730468,0.06462259319906764,0.06523783998689664,0.06585894430211962,0.06648596191199593,0.06711894911472346,0.06775796274449354,0.06840306017659394,0.06905429933256037,0.0697117386853772,0.07037543726472749,0.07104545466229317,0.07172185103710559,0.07240468712094701,0.07309402422380362
15,Iowa,0.054413577950361044,0.055019085039488186,0.055631330131312336,0.056250388205435146,0.05687633507582136,0.05750924740008347,0.058149202688869736,0.05879627931535664,0.05945055652484699,0.06011211444447484,0.060781034093018375,0.06145739739082201,0.062141287169828904,0.0628327871837251,0.0635319821181966,0.06423895760130048,0.06495380021395149,0.06567659750052535,0.06640743797957997,0.06714641115469609,0.06789360752543842,0.06864911859843884,0.0694130368986029,0.07018545598044108,0.07096647043952603,0.07175617592407742,0.07255466914667563,0.07336204789610586,0.07417841104933391,0.0750038585836154,0.07583849158873958,0.07668241227940951,0.07753572400775993,0.07839853127601443,0.07927093974928351,0.08015305626850504,0.08104498886352868,0.08194684676634595,0.08285874042446752,0.08378078151444933,0.08471308295556923,0.08565575892365584,0.0866089248650713,0.08757269751084955,0.08854719489099204
16,Kansas,0.05280094020840691,0.05356744083825619,0.05434506860359283,0.05513398503480486,0.05593435400718444,0.05674634177496841,0.05757011700587292,0.05840585081612943,0.059253716806029325,0.0601138910959845,0.06098655236311146,0.061871881878346455,0.06277006354409947,0.06368128393245481,0.06460573232392618,0.06554360074677443,0.06649508401689606,0.0674603797782908,0.06843968854411649,0.06943321373834023,0.0704411617379939,0.07146374191604328,0.07250116668487934,0.07355365154044105,0.07462141510697856,0.0757046791824663,0.07680366878467529,0.07791861219791428,0.0790497410204494,0.08019729021261225,0.08136149814560631,0.08254260665102187,0.08374086107106979,0.08495651030954444,0.08618980688352655,0.0874410069758365,0.08871037048824915,0.08999816109548116,0.09130464629996203,0.09263009748740023,0.09397478998315596,0.09533900310943233,0.09672302024329668,0.09812712887554424,0.0995516206704163
17,Kentucky,0.041484328493063154,0.04166148211531954,0.04183939224990283,0.042018062127404054,0.04219749499221005,0.04237769410256243,0.042558662730616696,0.04274040416250169,0.042922921698379246,0.04310621865250414,0.043290298353284254,0.04347516414334101,0.04366081937957007,0.04384726743320233,0.044034511689865066,0.044222555549643466,0.044411402427142366,0.04460105575154823,0.04479151896669144,0.044982795531108816,0.045174888918106434,0.04536780261582268,0.04556154012729161,0.04575610497050654,0.045951500678483935,0.04614773079932755,0.04634479889629291,0.046542708547851926,0.046741463347757965,0.04694106690511105,0.04714152284442342,0.047342834805685324,0.04754500644443115,0.047748041431805784,0.04795194345463127,0.04815671621547376,0.04836236343271076,0.04856888884059864,0.04877629618934043,0.04898458924515395,0.04919377179034017,0.04940384762335191,0.0496148205588628,0.04982669442783655,0.05003947307759653
18,Louisiana,0.048828967099068324,0.04838624250232314,0.04794753202015395,0.047512799257212614,0.04708200814814191,0.04665512295458357,0.04623210826221341,0.04581292897780338,0.045397550326310245,0.04498593784799062,0.04457805739554223,0.04417387513127103,0.043773357524284066,0.04337647134770772,0.042983183675931236,0.042593461881875225,0.042207273634284906,0.04182458689504792,0.04144536991653647,0.041069591238973496,0.04069721968782285,0.04032822437120298,0.039962574677324225,0.039600240271949194,0.039241191095876295,0.038885397362446,0.03853282955506976,0.038183458424781304,0.03783725498781017,0.03749419052317719,0.03715423657031183,0.03681736492669108,0.0364835476454998,0.03615275703331222,0.03582496564779456,0.03550014629542836,0.03517827202925453,0.034859316146637856,0.03454325218705171,0.03423005392988294,0.03391969539225656,0.033612150826880266,0.03330739471990841,0.033005401788825384,0.0327061469803482
19,Maine,0.04173716703084239,0.04200560148030091,0.04227576237788185,0.04254766082731326,0.04282130800373728,0.04309671515416947,0.043373893597961094,0.043652854727264316,0.04393361000750043,0.04421617097783111,0.04450054925163265,0.04478675651697331,0.04507480453709365,0.04536470515089007,0.04565647027340134,0.045950111896298336,0.0462456420883769,0.046543072996053876,0.04684241684386632,0.04714368593497396,0.04744689265166482,0.04775204945586418,0.048059168889646744,0.04836826357575213,0.04867934621810365,0.048992429602330495,0.04930752659629317,0.049624650150612425,0.04994381329920148,0.050265029159801765,0.05058831093452205,0.05091367191038104,0.05124112545985351,0.051570685041419886,0.05190236420011943,0.052236176568106904,0.05257213586521291,0.052910255899507715,0.05325055056786884,0.05359303385655218,0.05393771984176685,0.05428462269025374,0.05463375665986776,0.05498513610016386,0.05533877545298677
20,Maryland,0.059980447495495415,0.060709637605432264,0.06144769257447957,0.06219472017388379,0.06295082948508045,0.06371613091562228,0.06449073621530103,0.0652747584924652,0.0660683122305362,0.06687151330472534,0.06768447899895391,0.06850732802297915,0.06934018052972825,0.07018315813284318,0.0710363839244388,0.07189998249307682,0.07277407994195834,0.07365880390733748,0.07455428357715892,0.075460649709922,0.07637803465377418,0.07730657236583659,0.07824639843176447,0.07919765008554558,0.08016046622953911,0.08113498745475832,0.08212135606139974,0.08311971607962189,0.0841302132905767,0.08515299524769654,0.08618821129824006,0.0872360126051,0.08829655216887605,0.08936998485021613,0.09045646739242921,0.09155615844437306,0.09266921858362032,0.09379581033990601,0.09493609821886038,0.09609024872603,0.09725843039119106,0.09844081379295819,0.09963757158369244,0.10084887851471208,0.10207491146180994
21,Massachusetts,0.06966241319841351,0.07032333495333601,0.07099052719970539,0.07166404942877412,0.07234396169621761,0.07303032462748912,0.0737231994232256,0.07442264786470465,0.07512873231935344,0.07584151574630972,0.07656106170203575,0.07728743434598533,0.07802069844632473,0.07876091938570784,0.07950816316710611,0.08026249641969382,0.08102398640478915,0.08179270102185168,0.08256870881453672,0.08335207897680712,0.08414288135910307,0.08494118647457043,0.08574706550534812,0.08656059030891522,0.08738183342449822,0.08821086807953915,0.08904776819622494,0.08989260839807889,0.09074546401661454,0.09160641109805276,0.0924755264101025,0.09335288744880592,0.09423857244544845,0.0951326603735344,0.09603523095582876,0.09694636467146582,0.09786614276312518,0.0987946472442759,0.09973196090648942,0.10067816732682171,0.10163335087526558,0.10259759672227371,0.10357099084635296,0.10455362004173077,0.10554557192609436
22,Michigan,0.04545721044551112,0.0460290420060074,0.046608066954095556,0.04719437577940333,0.047788060109877885,0.04838921272610536,0.04899792757581053,0.049614299788538915,0.050238425690523565,0.05087040281973884,0.051510329941143594,0.05215830706211608,0.05281443544808305,0.05347881763834545,0.054151557462103185,0.05483276005468147,0.05552253187396131,0.05622098071701669,0.05692821573696099,0.057644347460005387,0.05836948780273181,0.05910375008958318,0.05984724907057369,0.06060010093922186,0.061362423350709155,0.0621343354402671,0.06291595784179561,0.06370741270671562,0.06450882372305879,0.06532031613479737,0.06614201676141733,0.06697405401773752,0.06781655793397832,0.06866966017608264,0.06953349406629261,0.07040819460398506,0.07129389848676916,0.07219074413184941,0.0730988716976574,0.07401842310575567,0.07494954206301711,0.0758923740840834,0.0768470665141059,0.07781376855177267,0.07879263127262516
23,Minnesota,0.0586719753803544,0.05933234653200689,0.06000015036434054,0.06067547053446539,0.06135839164107804,0.06204899923505946,0.06274737983019212,0.06345362091399777,0.06416781095869717,0.06489003943229314,0.06562039680977846,0.0663589745844698,0.06710586527946927,0.06786116245925501,0.06862496074140217,0.06939735580843584,0.07017844441981741,0.0709683244240658,0.07176709477101512,0.07257485552421038,0.07339170787344257,0.07421775414742496,0.075053097826612,0.07589784355616251,0.07675209715904881,0.07761596564931335,0.0784895572454746,0.07937298138408377,0.08026634873343418,0.08116977120742483,0.08208336197958016,0.08300723549722745,0.08394150749583393,0.08488629501350511,0.08584171640564647,0.08680789135978999,0.08778494091058768,0.08877298745497388,0.08977215476749804,0.09078256801583037,0.0918043537764417,0.09283764005046002,0.09388255627970547,0.0949392333629057,0.09600780367209388
24,Mississippi,0.03388801909544308,0.03393315263132603,0.033978346278012606,0.03402360011556099,0.034068914224136,0.03411428868400919,0.03415972357555905,0.034205218979271104,0.034250774975738085,0.034296391645660056,0.03434206906984456,0.03438780732920675,0.03443360650476958,0.03447946667766388,0.03452538792912854,0.03457137034051067,0.03461741399326569,0.03466351896895753,0.03470968534925874,0.03475591321595063,0.034802202650923465,0.03484855373617655,0.03489496655381841,0.034941441186066916,0.034987977715249446,0.03503457622380303,0.03508123679427448,0.035127959509320565,0.03517474445170812,0.03522159170431423,0.03526850135012634,0.03531547347224243,0.035362508153871174,0.03540960547833203,0.03545676552905545,0.035503988389583,0.03555127414356749,0.035598622874773174,0.035646034667075846,0.03569350960446301,0.03574104777103404,0.0357886492510003,0.035836314128685334,0.03588404248852497,0.03593183441506749
25,Missouri,0.04585230983048676,0.04601024058307372,0.04616871530220686,0.04632773586148964,0.04648730414097881,0.0466474220272067,0.04680809141320349,0.04696931419851957,0.04713109228924803,0.04729342759804719,0.047456322044163196,0.04761977755345274,0.04778379605840579,0.047948379498168485,0.048113529818566,0.04827924897212562,0.048445538918099766,0.04861240162248919,0.04877983905806621,0.04894785320439803,0.04911644604787017,0.04928561958170989,0.04945537580600983,0.0496257167277516,0.04979664436082954,0.04996816072607451,0.0501402678512778,0.05031296777121508,0.05048626252767048,0.05066015416946072,0.050834644752459336,0.05100973633962097,0.05118543100100579,0.05136173081380393,0.05153863786236007,0.05171615423819809,0.051894282040045744,0.052073023373859544,0.052252380352849605,0.05243235509750465,0.05261294973561709,0.05279416640230814,0.05297600724005312,0.05315847439870674,0.05334157003552852
26,Montana,0.04269243000252676,0.04280319682353891,0.042914251032470575,0.04302559337495853,0.043137224598574136,0.04324914545282836,0.04336135668917678,0.04347385906102467,0.043586653323732016,0.04369974023461863,0.043813120552969195,0.04392679504003839,0.044040764459055984,0.04415502957523199,0.04426959115576176,0.04438444996983117,0.04449960678862177,0.04461506238531596,0.044730817535102184,0.044846873015180144,0.04496322960476601,0.04507988808509764,0.04519684923943986,0.045314113853089685,0.045431682713381605,0.04554955660969288,0.045667736333448825,0.04578622267812815,0.04590501643926826,0.0460241184144706,0.04614352940340602,0.04626325020782014,0.04638328163153874,0.046503624480473155,0.04662427956262566,0.04674524768809494,0.04686652966908149,0.04698812631989309,0.04711003845695027,0.04723226689879178,0.0473548124660801,0.04747767598160695,0.0476008582702988,0.04772436015922241,0.04784818247759041
27,Nebraska,0.059094539508484395,0.059859430173310454,0.060634221206833934,0.06141904075455961,0.06221401862064467,0.0630192862893675,0.06383497694687432,0.06466122550320735,0.0654981686146181,0.06634594470616936,0.06720469399462992,0.06807455851166544,0.06895568212732966,0.06984821057385958,0.07075229146977856,0.0716680743443116,0.07259571066211647,0.07353535384833496,0.0744871593139685,0.0754512844815821,0.07642788881134106,0.07741713382738465,0.07841918314454117,0.07943420249538886,0.08046235975766693,0.08150382498204149,0.08255877042023092,0.08362737055349512,0.08470980212149362,0.08580624415151723,0.086916877988098,0.0880418873230024,0.08918145822561285,0.09033577917370236,0.09150504108460757,0.09268943734680524,0.09388916385189751,0.09510441902701111,0.09633540386761594,0.09758232197076841,0.09884537956878515,0.10012478556335251,0.10142075156007754,0.10273349190348624,0.10406322371247476
28,Nevada,0.04801308489311114,0.04819581073345396,0.048379231982825455,0.048563351287779145,0.048748171304940684,0.04893369470104617,0.04911992415298066,0.04930686234781673,0.04949451198285331,0.04968287576565458,0.04987195641408902,0.05006175665636865,0.050252279231088395,0.05044352688726556,0.050635502384379555,0.05082820849241167,0.05102164799188504,0.051215823673904814,0.05141073834019835,0.051606394803155715,0.051802795885870216,0.05199994442217915,0.0521978432567047,0.05239649524489496,0.052595903253065165,0.05279607015843902,0.05299699884919023,0.053198692224484166,0.053401153194519706,0.05360438468057122,0.05380838961503072,0.05401317094145016,0.05421873161458394,0.0544250746004315,0.05463220287628014,0.05484011943074799,0.055048827263827094,0.05525832938692673,0.055468628822916845,0.05567972860617168,0.05589163178261354,0.056104341409756765,0.05631786055675182,0.05653219230442961,0.05674733974534589
29,New Hampshire,0.05481026322592372,0.05545049963263817,0.056098214614209906,0.05675349552756101,0.05741643075002614,0.05808710969127193,0.05876562280535562,0.05945206160292451,0.06014651866355799,0.06084908764825366,0.06155986331205935,0.06227894151685265,0.06300641924426977,0.06374239460878536,0.06448696687094521,0.0652402364507534,0.06600230494121588,0.06677327512204233,0.0675532509735079,0.06834233769047703,0.069140641696591,0.06994827065862122,0.0707653335009902,0.07159194042046207,0.07242820290100481,0.07327423372882598,0.07413014700758414,0.07499605817377794,0.075872084012315,0.07675834267226259,0.07765495368278227,0.07856203796925083,0.07947971786956934,0.0804081171506628,0.08134736102517252,0.08229757616834349,0.08325889073510893,0.08423143437737454,0.08521533826150454,0.08621073508601199,0.08721775909945576,0.08823654611854657,0.0892672335464645,0.09030996039139044,0.09136486728525409
30,New Jersey,0.06031628167249796,0.06069318220366784,0.06107243788682085,0.06145406343868039,0.06183807366793076,0.06222448347579185,0.06261330785659731,0.06300456189837647,0.06339826078343973,0.06379441978896776,0.06419305428760429,0.06459417974805266,0.06499781173567608,0.06540396591310155,0.06581265804082773,0.06622390397783647,0.06663771968220822,0.06705412121174126,0.06747312472457481,0.06789474647981605,0.06831900283817104,0.06874591026257952,0.06917548531885387,0.06960774467632183,0.07004270510847337,0.07048038349361155,0.07092079681550754,0.07136396216405959,0.07180989673595621,0.07225861783534349,0.07271014287449656,0.07316448937449527,0.07362167496590406,0.07408171738945614,0.07454463449674185,0.07501044425090143,0.07547916472732205,0.07595081411433918,0.07642541071394243,0.07690297294248569,0.07738351933140179,0.07786706852792162,0.07835363929579767,0.07884325051603217,0.07933592118760975
31,New Mexico,0.04262293044180854,0.042727583257257694,0.04283249302856765,0.04293766038664656,0.04304308596395165,0.04314877039449304,0.04325471431383753,0.04336091835911246,0.043467383169009506,0.043574109383788535,0.04368109764528146,0.04378834859689609,0.04389586288362001,0.04400364115202445,0.04411168405026818,0.04421999222810139,0.04432856633686964,0.04443740702951774,0.044546514960593676,0.04465589078625257,0.04476553516426059,0.044875448753998966,0.04498563221646788,0.045096086214290516,0.04520681141171697,0.04531780847462832,0.04542907807054056,0.04554062086860867,0.0456524375396306,0.045764528756051345,0.04587689519196695,0.04598953752312858,0.04610245642694658,0.04621565258249457,0.04632912667051349,0.04644287937341573,0.04655691137528921,0.04667122336190151,0.046785816020703974,0.04690069004083588,0.047015846113128534,0.04713128493010947,0.0472470071860066,0.04736301357675237,0.04747930479998797
32,New York,0.07147149748887459,0.07221967770189235,0.07297569003891503,0.07373961648843334,0.07451153989721251,0.07529154397927691,0.07607971332498874,0.07687613341022174,0.07768089060563092,0.07849407218601934,0.07931576633980293,0.08014606217857444,0.0809850497467674,0.0818328200314214,0.0826894649720494,0.0835550774706086,0.08442975140157535,0.08531358162212585,0.08620666398242319,0.0871090953360122,0.08802097355032311,0.08894239751728507,0.08987346716405091,0.09081428346383406,0.09176494844685898,0.09272556521142616,0.09369623793509305,0.0946770718859719,0.09566817343414598,0.09666965006320528,0.09768161038190294,0.0987041641359337,0.09973742221983573,0.10078149668901687,0.10183650077190703,0.10290254888223757,0.1039797566314493,0.10506824084123044,0.10616811955618571,0.10727951205663816,0.10840253887156491,0.10953732179166838,0.1106839838825843,0.11184264949822802,0.11301344429428052
33,North Carolina,0.0475607073234813,0.047952618009657416,0.04834775812606245,0.04874615428391159,0.049147833313702274,0.04955282226702116,0.049961148418365915,0.05037283926698207,0.05078792253871499,0.05120642618787709,0.05162837839913047,0.05205380758938505,0.052482742409712325,0.05291521174727493,0.05335124472727207,0.05379087071490098,0.05423411931733461,0.05468102038571549,0.05513160401716615,0.05558590055681602,0.05604394059984506,0.05650575499354427,0.05697137483939308,0.05744083149515396,0.05791415657698423,0.058391381961565327,0.058872539788249516,0.05935766246122441,0.05984678265169525,0.06033993330008519,0.06083714761825372,0.06133845909173335,0.06184390148198474,0.062353508828670405,0.06286731545194718,0.06338535595477753,0.06390766522525992,0.06443427843897846,0.06496523106137178,0.06550055885012152,0.06604029785756046,0.0665844844331006,0.06713315522568102,0.06768634718623613,0.0682440975701842
34,North Dakota,0.07021767311653504,0.06957204498324387,0.06893235318574961,0.06829854314142043,0.06767056076949364,0.06704835248646117,0.06643186520149745,0.06582104631192941,0.06521584369874803,0.06461620572216124,0.06402208121718768,0.06343341948929093,0.062850170310054,0.06227228391289343,0.06169971098881299,0.061132402682196205,0.06057031058663777,0.06001338674081314,0.0594615836243862,0.058914854153954505,0.058373151679031815,0.0578364299780676,0.0573046432545031,0.05677774613286366,0.05625569365488702,0.05573844127568718,0.05522594485995353,0.054718160678184954,0.05421504540295855,0.053716556105232655,0.05322265025068384,0.052733285696077624,0.05224842068567255,0.05176801384765731,0.05129202419062061,0.05082041110005356,0.05035313433488415,0.049890154024043634,0.049431430663064484,0.048976925110709585,0.048526598585632484,0.0480804126630683,0.047638329271555056,0.04720031068968522,0.04676631954288704
35,Ohio,0.05019149296438054,0.0508030716144463,0.05142210229319512,0.052048675802899916,0.052682884052250814,0.053324820069836736,0.053974578017791264,0.054632253205604775,0.05529794210410488,0.05597174235960721,0.05665375280823861,0.0573440734904349,0.058042805665615274,0.05875005182703545,0.05946591571682192,0.06019050234118927,0.060923917985843,0.061666270231569995,0.06241766797001898,0.06317822141967323,0.06394804214201795,0.0647272430579046,0.06551593846411466,0.06631424405012522,0.06712227691507881,0.06794015558496011,0.06876800002998179,0.06960593168218239,0.07045407345323847,0.07131254975249388,0.0721814865052087,0.07306101117103052,0.07395125276269084,0.07485234186492923,0.0757644106536481,0.07668759291530086,0.07762202406651639,0.07856784117396248,0.07952518297445152,0.08049418989529093,0.08147500407488178,0.08246776938356826,0.08347263144474124,0.08448973765619902,0.0855192372117683
36,Oklahoma,0.049161698287790816,0.049884353936019706,0.05061763230893276,0.051361689555976794,0.05211668412192781,0.05288277678063129,0.05366013066923854,0.05444891132294626,0.055249286710246766,0.05606142726869636,0.056885505941209544,0.05772169821288666,0.05857018214838295,0.059431138429826856,0.06030475039529578,0.061191204077857365,0.06209068824518468,0.06300339443975374,0.0639295170196319,0.06486925319986583,0.0658228030944779,0.06679036975907979,0.06777215923411267,0.06876838058872284,0.06977924596528239,0.0708049706245643,0.07184577299158157,0.0729018747021002,0.07397350064983584,0.07506087903434423,0.07616424140961565,0.07728382273338365,0.07841986141715854,0.07957259937699647,0.08074228208501476,0.08192915862166436,0.0831334817287709,0.08435550786335522,0.08559549725224518,0.08685371394749015,0.0881304258825902,0.08942590492955159,0.09074042695678125,0.09207427188783206,0.09342772376101173
37,Oregon,0.04843043088761401,0.049198894447320785,0.04997955150255866,0.050772595532031194,0.0515782230844401,0.05239663382719804,0.053228030595914355,0.054072619444666035,0.05493060969706631,0.05580221399814361,0.05668764836704368,0.05758713225056795,0.0585008885775614,0.059429143814163476,0.0603721280199356,0.06133007490487934,0.06230322188735933,0.06329181015294517,0.06429608471418714,0.06531629447134024,0.06635269227405191,0.06740553498402845,0.06847508353869583,0.06956160301587072,0.07066536269945753,0.07178663614618798,0.07292570125341963,0.0740828403280102,0.07525834015628473,0.07645249207511295,0.0776655920441145,0.0788979407190097,0.08014984352613444,0.08142161073813722,0.08271355755087745,0.08402600416154378,0.0853592758480121,0.08671370304946267,0.08808962144827644,0.08948737205323085,0.09090730128401574,0.09234976105709031,0.09381510887290237,0.09530370790449157,0.09681592708749849
38,Pennsylvania,0.05385265142550916,0.0544971253689594,0.055149311962628185,0.055809303506559604,0.056477193405385394,0.05715307618154392,0.057837047488657395,0.05852920412506912,0.059229644047542836,0.05993846638512587,0.06065577145317836,0.06138166076757021,0.062116237059048084,0.0628596042877742,0.06361186765803928,0.06437313363315136,0.06514350995050303,0.06592310563681873,0.06671203102358479,0.06751039776266383,0.06831831884209631,0.06913590860209094,0.06996328275120664,0.07080055838272803,0.07164785399123695,0.0725052894893823,0.07337298622485054,0.0742510669975393,0.07513965607693651,0.07603887921970752,0.07694886368749268,0.0778697382649179,0.07880163327782079,0.07974468061169487,0.08069901373035455,0.08166476769482345,0.08264207918244874,0.08363108650624433,0.08463192963446543,0.08564475021041744,0.08666969157250186,0.08770689877450209,0.08875651860611208,0.08981869961371054,0.09089359212138383
39,Rhode Island,0.0500606565288568,0.0502940684451468,0.05052856866363744,0.05076416225862698,0.05100085432807302,0.051238649993702784,0.05147755440112398,0.051717572719936135,0.05195871014384245,0.052200971890762206,0.05244436320294365,0.052688889347077446,0.05293455561441063,0.053181367320861116,0.053429329807132726,0.05367844843883074,0.05392872860657802,0.054180175726131645,0.054432795238500115,0.05468659261006106,0.054941573332679565,0.055197742923826974,0.0554551069267003,0.05571367091034215,0.05597344046976127,0.056234421226053585,0.05649661882652384,0.05676003894480781,0.05702468728099504,0.05729056956175223,0.057557691540447126,0.05782605899727303,0.05809567773937385,0.05836655360096981,0.05863869244348363,0.05891210015566742,0.05918678265373006,0.059462745881465266,0.05973999581038015,0.06001853843982448,0.06029837979712048,0.060579525937693265,0.06086198294520186,0.061145756931670854,0.06143085403762264
40,South Carolina,0.03993686526415661,0.04041113357324769,0.04089103403267205,0.0413766335267582,0.04186799973411622,0.042365201137070256,0.04286830703120298,0.0433773875350134,0.04389251359968936,0.04441375701899611,0.044941190439282255,0.04547488736960462,0.04601492219197328,0.04656137017171823,0.047114307467979274,0.0476738111443204,0.04823995917947019,0.04881283047818986,0.04939250488227029,0.049979063181659684,0.05057258712572336,0.05117315943463726,0.05178086381091678,0.05239578495108248,0.05301800855746433,0.05364762135014619,0.05428471107905207,0.05492936653617595,0.05558167756795684,0.05624173508780077,0.05690963108875153,0.05758545865631185,0.058269311981416834,0.05896128637356147,0.059661478274084044,0.06036998526960728,0.06108690610563912,0.061812340700334985,0.06254639015842353,0.06328915678529771,0.06404074410127324,0.06480125685601627,0.06557080104314261,0.06634948391499007,0.06713741399756644
41,South Dakota,0.053390745727674285,0.05353773769398066,0.05368513434911211,0.053832936807231876,0.05398114618557064,0.05412976360443497,0.05427879018721579,0.05442822706039688,0.054578075353563356,0.05472833619941027,0.05487901073375111,0.055030100095526426,0.05518160542681243,0.05533352787282961,0.05548586858195141,0.05563862870571291,0.055791809398819496,0.05594541181915565,0.05609943712779364,0.056253886489002335,0.05640876107025599,0.056564062042243075,0.056719790578875134,0.05687594785729563,0.05703253505788888,0.05718955336428896,0.05734700396338862,0.057504888045348326,0.0576632068036052,0.057821961434882045,0.05798115313919643,0.05814078311986973,0.058300852583536206,0.058461362740152165,0.05862231480300509,0.058783709988722795,0.05894554951728265,0.05910783461202078,0.05927056649964132,0.05943374641022569,0.059597375577241894,0.059761455237553836,0.05992598663143068,0.06009097100255621,0.06025640959803825
42,Tennessee,0.04666607483286965,0.04714189606058979,0.047622568903569196,0.04810814283032514,0.04859866781377067,0.04909419433635756,0.04959477339527175,0.050100456507681676,0.050611295716040235,0.05112734359344069,0.05164865324902726,0.05217527833346084,0.05270727304444049,0.05324469213228118,0.05378759090554844,0.05433602523675042,0.05489005156808807,0.05544972691726385,0.05601510888334974,0.05658625565271504,0.05716322600501464,0.05774607931923835,0.05833487557982187,0.058929675382820124,0.059530539942143475,0.06013753109585761,0.06075071131254757,0.06137014369774676,0.061995892000431416,0.06262802061958138,0.06326659461080769,0.06391167969304784,0.06456334225532921,0.06522164936360153,0.06588666876763896,0.06655846890801259,0.06723711892313398,0.0679226886563706,0.06861524866323372,0.06931487021863966,0.07002162532424508,0.070735586715857,0.07145682787091846,0.07218542301607042,0.07292144713479085
43,Texas,0.05803290128646817,0.05877659525021047,0.059529819682005304,0.06029269671518403,0.061065350048221556,0.06184790496479372,0.06264048835409171,0.06344322873139678,0.06425625625891872,0.06507970276690123,0.06591370177499792,0.0667583885139221,0.06761389994737414,0.06848037479424972,0.06935795355113274,0.07024677851507648,0.07114699380667669,0.07205874539344034,0.07298218111345389,0.07391745069935479,0.07486470580261029,0.07582410001810726,0.07679578890905725,0.07777993003222061,0.07877668296345393,0.07978620932358478,0.08080867280461818,0.08184423919627873,0.08289307641289305,0.08395535452061662,0.08503124576500949,0.08612092459896555,0.08722456771099948,0.08834235405389644,0.08947446487372869,0.09062108373924421,0.09178239657163186,0.09295859167466801,0.0941498597652495,0.09535639400431789,0.09657839002817994,0.09781604598022958,0.09906956254307629,0.10033914297108525,0.1016249931233345
44,Utah,0.04864192003071796,0.049321426511494015,0.05001042540246122,0.0507090493084641,0.051417432686779216,0.05213571187299285,0.05286402510724017,0.05360251256081094,0.05435131636312691,0.05511058062909608,0.055880451486849086,0.05666107710586303,0.0574526077254782,0.05825519568381317,0.05906899544708382,0.05989416363933193,0.06073085907256906,0.06157924277734155,0.06243947803372249,0.06331173040273659,0.06419616775822416,0.06509296031915006,0.0660022806823641,0.0669243038558191,0.06785920729225287,0.06880717092334086,0.06976837719432584,0.07074301109913128,0.07173126021596538,0.07273331474342237,0.07374936753708819,0.07477961414665746,0.07582425285356906,0.07688348470916738,0.07795751357339671,0.07904654615403615,0.08015079204648265,0.08127046377408971,0.08240577682906976,0.08355694971396772,0.08472420398371415,0.08590776428826565,0.08710785841584107,0.0883247173367617,0.0895585752479038
45,Vermont,0.04715428512788279,0.04724783496670356,0.047341570399947394,0.047435491795816846,0.04752959952324496,0.0476238939518967,0.04771837545217042,0.0478130443951993,0.04790790115285283,0.04800294609773824,0.048098179603201986,0.04819360204333121,0.048289213792955206,0.0483850152276469,0.04848100672372432,0.048577188658252064,0.04867356140904281,0.04877012535465877,0.0488668808744132,0.04896382834837187,0.049060968157354556,0.04915830068293657,0.04925582630745022,0.04935354541398633,0.04945145838639574,0.049549565609290816,0.04964786746804696,0.049746364348804126,0.04984505663846833,0.04994394472471319,0.05004302899598141,0.05014230984148635,0.05024178765121351,0.05034146281592211,0.0504413357271466,0.05054140677719817,0.05064167635916636,0.05074214486692054,0.050842812695111476,0.05094368023917291,0.05104474789532307,0.05114601606056624,0.051247485132694344,0.05134915551028847,0.05145102759272047
46,Virginia,0.05469203360813764,0.054734583758261936,0.05477716701220695,0.054819783395727316,0.05486243293459768,0.05490511565461276,0.05494783158158732,0.05499058074135624,0.05503336315977446,0.05507617886271707,0.05511902787607927,0.05516191022577642,0.05520482593774403,0.05524777503793779,0.05529075755233359,0.05533377350692753,0.05537682292773592,0.05541990584079533,0.05546302227216257,0.05550617224791474,0.0555493557941492,0.05559257293698364,0.05563582370255606,0.0556791081170248,0.05572242620656853,0.05576577799738632,0.0558091635156976,0.0558525827877422,0.05589603583978038,0.05593952269809281,0.055983043388980615,0.05602659793876539,0.056070186373789195,0.05611380872041459,0.056157465005024644,0.05620115525402296,0.056244879493833666,0.05628863775090146,0.05633243005169162,0.056376256422689994,0.05642011689040305,0.05646401148135788,0.056507940222102204,0.0565519031392044,0.05659590025925352
47,Washington,0.06282086168297812,0.06381836359266674,0.06483170435004346,0.0658611354524675,0.0669069123907023,0.0679692947123249,0.06904854608614207,0.07014493436762932,0.07125873166540901,0.07239021440878396,0.07353966341634344,0.07470736396565852,0.07589360586408411,0.07709868352068512,0.07832289601930482,0.07956654719279341,0.08082994569841509,0.08211340509445268,0.08341724391802847,0.08474178576416079,0.08608735936607587,0.08745429867679498,0.088842942952017,0.09025363683431703,0.09168673043868203,0.09314257943940454,0.09462154515835622,0.096123994654663,0.09765030081580413,0.09920084245015783,0.10077600438101628,0.10237617754209359,0.10400175907455018,0.1056531524255578,0.1073307674484296,0.10903502050434022,0.11076633456566082,0.11252513932093518,0.11431187128152247,0.11612697388993343,0.11797089762988677,0.11984410013811307,0.12174704631793398,0.1236802084546449,0.12564406633272973
48,West Virginia,0.03823622095407867,0.03830983078512661,0.03838358232492849,0.03845747584629259,0.03853151162255237,0.0386056899275675,0.038680011035724875,0.0387544752219396,0.03882908276165605,0.03890383393084886,0.03897872900602394,0.03905376826421953,0.0391289519830072,0.03920428044049287,0.03927975391531787,0.03935537268665994,0.039431137034234266,0.03950704723829455,0.03958310357963399,0.03965930633958637,0.039735655800027074,0.03981215224337412,0.03988879595258924,0.0399655872111789,0.04004252630319533,0.04011961351323763,0.04019684912645277,0.040274233428536685,0.040351766705735294,0.04042944924484559,0.040507281333216676,0.04058526325875086,0.040663395309904676,0.040741677775689995,0.040820110945675066,0.0408986951099856,0.04097743055930584,0.04105631758487962,0.04113535647851147,0.04121454753256769,0.0412938910399774,0.041373387294233684,0.0414530365893946,0.041532839220084335,0.04161279548149425
49,Wisconsin,0.050569740506403664,0.051007145432697173,0.05144833370981728,0.05189333806200328,0.05234219149654405,0.05279492730622627,0.05325157907180389,0.053712180664488865,0.05417676624846352,0.0546453702834146,0.05511802752708924,0.055594773037873045,0.0560756421773905,0.05656067061312781,0.057049894321078494,0.057543349588411806,0.05804107301616429,0.05854310152195456,0.05904947234272161,0.05956022303748675,0.06007539149013954,0.06059501591224767,0.061119134845891286,0.061647787166521736,0.062181012085845096,0.0627188491547306,0.06326133826614426,0.06380851965810785,0.06436043391668346,0.06491712197898389,0.06547862513620907,0.0660449850367088,0.06661624368907186,0.06719244346524195,0.06777362710366053,0.06835983771243687,0.06895111877254549,0.06954751414105131,0.07014906805436259,0.07075582513151214,0.07136783037746681,0.07198512918646566,0.07260776734538694,0.07323579103714434,0.07386924684411239
50,Wyoming,0.06536754448276746,0.06498641466923204,0.06460750705841074,0.06423080869360293,0.06385630669365285,0.06348398825250919,0.06311384063878717,0.0627458511953332,0.06238000733879208,0.06201629655917667,0.06165470641944015,0.061295224555050744,0.06093783867356888,0.06058253655422689,0.06022930604751109,0.05987813507474635,0.05952901162768305,0.05918192376808649,0.058836859627328604,0.05849380740598219,0.05815275537341737,0.05781369186740048,0.0574766052936953,0.05714148412566656,0.05680831690388582,0.05647709223573957,0.05614779879503973,0.05582042532163627,0.055494960621032256,0.055171393564000984,0.054849713086205454,0.05452990818782001,0.054211967933154234,0.05389588145027895,0.053581637930654506,0.05326922662876115,0.052958636861731606,0.05264985800898576,0.05234287951186749,0.05203769087328363,0.05173428165734502,0.051432641489009626,0.0511327600537278,0.05083462709708956,0.05053823242447394
