,State,2016,2017,2018,2019,2020,2021,2022,2023,2024,2025,2026,2027,2028,2029,2030,2031,2032,2033,2034,2035,2036,2037,2038,2039,2040,2041,2042,2043,2044,2045,2046,2047,2048,2049,2050,2051,2052,2053,2054,2055,2056,2057,2058,2059,2060
0,Alabama,2112495.0,2146051.5829343363,2180141.205832426,2214772.335933127,2249953.574975782,2285693.6613367354,2322001.4721997827,2358886.0257611037,2396356.4834692166,2434422.152300513,2473092.4870709423,2512377.092784414,2552285.727018506,2592828.302348066,2634014.888807318,2675855.7163910707,2718361.177595663,2761541.830000269,2805408.39888921,2849971.7799159153,2895243.041809206,2941233.4291225635,2987954.3650270714,3035417.4541487233,3083634.485450797,3132617.4351620195,3182378.4697512435,3232929.948949374,3284284.4288193,3336454.6648745923,3389453.6152477376,3443294.4439087035,3497990.5239346265,3553555.4408314405,3610002.995908268,3667347.2097054124,3725602.3254768043,3784782.812727765,3844903.370808968,3905978.932567486,3968024.668055841,4031055.9882999635,4095088.5491270144,4160138.255054002,4226221.263238176
1,Alaska,866946.0,841577.1190933415,816950.5913649158,793044.6938130951,769838.3391024189,747311.0569625058,725442.9761312765,704214.8068265605,683607.8237306254,663603.8494726183,644185.2385943502,625334.8619852794,607036.0917729636,589272.7866556533,572029.2776640874,555290.3543399333,539041.2513186771,523267.635305131,507955.59243006766,493091.61597682885,478662.59446708317,464655.8000952219,451058.87750119204,437859.8328718624,425047.0233613096,412609.1468206914,400535.23182864796,388814.62801343703,377436.9966582666,366392.30158153694,355670.8002839492,345263.0353546693,335159.82612896897,325352.26058998244,315831.6875074382,306589.7088064289,297618.1721594896,288909.1637954491,280455.0015187109,272248.2279328072,264281.6038622466,256548.10196685515,249040.90054297587,241753.37750606038,234679.1045493437
2,Arizona,2013729.0000000002,2048696.3478537584,2084270.8853620957,2120463.1560548837,2157283.88654486,2194743.989706766,2232854.567911689,2271626.9163175677,2311072.5262168325,2351203.0884421803,2392030.496831486,2433566.8517528805,2475824.46369104,2518815.856895751,2562553.773093827,2607051.175265486,2652321.2514862968,2698377.4188358444,2745233.3273742623,2792902.8641878185,2841400.157504751,2890739.58088257,2940935.7574680727,2992003.564331331,3043958.136874934,3096814.8733198,3150589.4392688754,3205297.7723500854,3260956.0869399044,3317580.87896895,3375188.930811022,3433797.3162570396,3493423.405575345,3554084.870659879,3615799.6902677524,3678586.1553477626,3742462.874461439,3807448.779298221,3873563.1302864067,3940825.5223015277,4009255.890473852,4078874.516096728,4149702.032637526,4221759.4318529535,4295068.070010564
3,Arkansas,1229088.0,1233611.5001653554,1238151.648490766,1242708.506247642,1247282.1349328945,1251872.5962697668,1256479.9522086664,1261104.264928001,1265745.5968350184,1270404.0105666479,1275079.568990346,1279772.335204945,1284482.372541504,1289209.7445641642,1293954.5150710065,1298716.748094912,1303496.507904427,1308293.8590046295,1313108.8661380007,1317941.5942852977,1322792.108666431,1327660.4747413446,1332546.7582108995,1337451.0250177602,1342373.3413472846,1347313.7736284174,1352272.3885345866,1357249.252984603,1362244.4341435633,1367257.999423757,1372290.0164855758,1377340.5532384268,1382409.6778416487,1387497.4587054318,1392603.9644917417,1397729.2641152455,1402873.4267442415,1408036.5218015932,1413218.618965666,1418419.7881712676,1423640.0996105918,1428879.6237341654,1434138.4312518,1439416.5931335448,1444714.1806106456
4,California,13113930.0,13350846.955370432,13592044.065030385,13837598.654474415,14087589.446163561,14342096.584763028,14601201.662835788,14864987.747000393,15133539.40456133,15406942.7306205,15685285.375678482,15968656.57373445,16257147.170893744,16550849.654492266,16849858.182747036,17154268.614942417,17464178.542161696,17779687.318573844,18100896.093285527,18427907.84276854,18760827.403873075,19099761.507437434,19444818.812504902,19796109.941158812,20153747.51398692,20517846.186186496,20888522.684321694,21265895.84374497,21650086.646694563,22041218.26108025,22439416.079969805,22844807.76178881,23257523.271246754,23677694.92100245,24105457.41408224,24540947.88706448,24984305.954044227,25435673.7513922,25895195.983322326,26363019.968282543,26839295.68618369,27324175.826481633,27817815.83712805,28320373.974405568,28832011.35366321
5,Colorado,1761327.0,1770368.8190790478,1779457.0545772263,1788591.9447744598,1797773.7291738887,1807002.6485081494,1816278.9447456857,1825602.8610970925,1834974.6420214933,1844394.5332329485,1853862.7817068987,1863379.635686639,1872945.3446898283,1882560.1595150314,1892224.3322482933,1901938.1162697505,1911701.7662602724,1921515.5382081398,1931379.6894157561,1941294.4785063933,1951260.165430973,1961277.0114748818,1971345.2792648217,1981465.2327756959,1991637.1373375298,2001861.2596424276,2012137.8677515644,2022467.2311022144,2032849.620514816,2043285.3082000702,2053774.56776608,2064317.6742255224,2074914.9040028595,2085566.5349415855,2096272.846311512,2107034.118816089,2117850.6345997658,2128722.677255387,2139650.5318316296,2150634.4848404746,2161674.8242647205,2172771.8395655327,2183925.821690034,2195137.063078931,2206405.8576741833
6,Connecticut,1130322.0,1129919.0276970435,1129516.199058173,1129113.5140321706,1128710.9725678368,1128308.57461399,1127906.3201194676,1127504.2090331244,1127102.241303834,1126700.4168804877,1126298.7357119955,1125897.1977472857,1125495.8029353044,1125094.551225016,1124693.442565403,1124292.4769054665,1123891.6541942256,1123490.9743807174,1123090.4374139972,1122690.0432431388,1122289.7918172337,1121889.6830853918,1121489.716996741,1121089.8935004275,1120690.2125456154,1120290.674081487,1119891.2780572434,1119492.0244221026,1119092.9131253015,1118693.9441160948,1118295.1173437557,1117896.4327575748,1117497.8903068616,1117099.489940943,1116701.231609164,1116303.1152608881,1115905.1408454967,1115507.3083123888,1115109.6176109822,1114712.068690712,1114314.6615010318,1113917.3959914132,1113520.2721113453,1113123.289810336,1112726.4490379107
7,Delaware,356655.0,360220.2926229508,363821.2256027935,367458.1552174479,371131.44130635704,374841.44730608974,378588.54028629925,382373.0909860412,386195.4738504548,390056.06706781057,393955.2526069284,397893.41625496984,401870.94765560783,405888.2403475785,409945.6918036178,414043.70346978796,418182.68080519635,422363.03332211205,426585.1746264831,430849.5224588589,435156.4987357216,439506.5295912306,443900.0454193848,448337.48091660556,452819.275124746,457345.87147452997,461917.7178294252,466535.2665299552,471198.974438454,475909.30298426835,480666.71820941166,485471.6908146744,490324.6962061957,495226.2145424998,500176.7307820036,505176.7347309984,510226.72109211155,515327.1895132527,520478.644637049,525681.5961507749,530936.5588367806,536244.052623425,541604.6026365176,547018.7392512747,552486.9981447948
8,District of Columbia,65844.0,67160.88,68504.09760000001,69874.17955200002,71271.66314304002,72697.09640590081,74151.03833401883,75634.0591006992,77146.74028271319,78689.67508836745,80263.4685901348,81868.7379619375,83506.11272117625,85176.23497559977,86879.75967511177,88617.354868614,90389.70196598629,92197.496005306,94041.44592541213,95922.27484392037,97840.72034079878,99797.53474761476,101793.48544256705,103829.3551514184,105905.94225444677,108024.0610995357,110184.54232152642,112388.23316795695,114635.99783131608,116928.71778794241,119267.29214370127,121652.6379865753,124085.6907463068,126567.40456123295,129098.75265245761,131680.72770550675,134314.34225961688,137000.62910480922,139740.6416869054,142535.4545206435,145386.1636110564,148293.88688327753,151259.76462094308,154284.95991336193,157370.65911162918
9,Florida,6299076.0,6405256.488763371,6513226.810860079,6623017.136648148,6734658.145052791,6848181.032139074,6963617.519829106,7080999.864766145,7200360.867328145,7321733.880793222,7445152.820659634,7570652.174122845,7698267.009712356,7828032.987090973,7959986.367019253,8094164.02148792,8230603.444021078,8369342.760153101,8510420.738082124,8653876.799503114,8799751.030623557,8948084.19336482,9098917.736752337,9252293.80849779,9408255.266776528,9566845.692203509,9728109.400011117,9892091.452432252,10058837.671292163,10228394.650812525,10400809.770631356,10576131.209042398,10754407.95645768,10935689.829096993,11120027.482908146,11307472.427721847,11498077.041645197,11691894.585697813,11888979.218694653,12089386.01237972,12293170.966814868,12500391.02602801,12711104.093925096,12925369.050470317,13143245.768139048
10,Georgia,3286713.0,3266810.84937234,3247029.212948264,3227367.3609738112,3207824.568113925,3188400.1134256963,3169093.280331767,3149903.356593896,3130829.634286684,3111871.409771457,3093027.983670309,3074298.660840304,3055682.750347828,3037179.5654431023,3018788.423534849,3000508.64616511,2982339.5589842172,2964280.491725916,2946330.7781826393,2928489.7561809304,2910756.7675570156,2893131.1581325233,2875612.277690352,2858199.4799506823,2840892.122547137,2823689.5670030825,2806591.1787080755,2789596.326894452,2772704.384614058,2755914.728715121,2739226.7398192617,2722639.8022986455,2706153.30425327,2689766.637488393,2673479.197492096,2657290.3834129833,2641199.598038015,2625206.2477704776,2609309.742608085,2593509.4961212124,2577804.925431264,2562195.4511891697,2546680.497554011,2531259.4921717816,2515931.866154269
11,Hawaii,927302.9999999999,923054.7689525945,918826.0002244442,914616.6046532913,910426.4934853553,906255.578373461,902103.7713751763,897970.9849509574,893857.1319623033,889762.1256699188,885685.8797318853,881628.30820184,877589.3255271646,873568.8465471807,869566.7864913545,865583.0609775094,861617.5860100469,857670.2779781756,853741.053654148,849829.8301915062,845936.5251233345,842061.0563605211,838203.342190027,834363.3012731632,830540.8526438755,826735.915707038,822948.4102367529,819178.2563746597,815425.3746282508,811689.685869196,807971.1113316735,804269.5726107097,800584.9916605259,796917.2907928926,793266.3926754913,789632.2203302846,786014.6971318923,782413.7468059766,778829.2934276332,775261.261419791,771709.5755516182,768174.1609369363,764654.9430326408,761151.8476371302,757664.8008887405
12,Idaho,674901.0,698115.3930223514,722128.285444461,746967.1430411523,772660.3763203152,799237.3730186424,826728.5317151126,855165.2966006679,884580.1934438547,915006.8667935657,946480.1184614343,979035.9473278983,1012711.5905174623,1047545.5659902546,1083577.7165985948,1120849.2556589635,1159402.8140915,1199282.489180943,1240533.8950147917,1283204.2146563714,1327342.2541124853,1372998.4981573764,1420225.1680768514,1469076.2813986144,1519607.7136771292,1571877.2624036798,1625944.7131147275,1681871.9077741809,1739722.815507792,1799563.6057705856,1861462.7240310092,1925490.9700583713,1991721.5789031112,2060230.3046625264,2131095.507127769,2204398.2414112138,2280222.350656718,2358654.5619388097,2439784.585460496,2523705.217163153,2610512.444865859,2700305.5580555797,2793187.26145377,2889263.7924893047,2988645.042812087
13,Illinois,4521288.0,4610141.763774239,4700741.7094632005,4793122.153579204,4887318.087033388,4983365.188389204,5081299.837376375,5181159.128670432,5282980.885943056,5386803.676188537,5492666.824331779,5600610.428123393,5710675.373327508,5822903.349208056,5937336.8643194055,6054019.26260731,6172994.739826281,6294308.3602796,6418006.073888312,6544134.733595658,6672742.113113553,6803876.925017819,6937588.839199029,7073928.501675959,7212947.553778762,7354698.651709139,7499235.486484912,7646612.804276552,7796886.427143369,7950113.274177217,8106351.383061718,8265659.932055179,8428099.26240552,8593730.90120571,8762617.584698359,8934823.282038318,9110413.219522242,9289453.905294336,9472013.15453763,9658160.115160305,9847965.293986835,10041500.58346382,10238839.288890677,10440056.15618546,10645227.400196347
14,Indiana,2814831.0,2862351.048896911,2910673.3324740445,2959811.3940777793,3009779.0056936136,3060590.1718060574,3112259.1333236867,3164800.3715704586,3218228.612344413,3272558.830044888,3327806.2518694135,3383986.362081459,3441114.9063502233,3499207.896163698,3558281.6133162216,3618352.614471803,3679437.735804475,3741554.0977169904,3804719.1096391804,3868950.474907314,3934266.195725837,4000684.5782128694,4068224.2375308867,4136904.103104012,4206743.423923392,4277761.773942132,4349979.057561314,4423415.51520863,4498091.729011188,4574028.628564093,4651247.496796409,4729769.975936151,4809618.073575984,4890814.168841312,4973381.018662507,5057341.764153021,5142719.937095177,5229539.466535446,5317824.685491075,5407600.337769928,5498891.584905469,5591724.013208809,5686123.640939822,5782116.925599308,5879730.77134427
15,Iowa,1547334.0,1580594.6539963603,1614570.261004976,1649276.1892687506,1684728.1373780167,1720942.1413715065,1757934.581989959,1795722.192085649,1834322.064191184,1873751.6582510006,1914028.8095190478,1955171.7366262388,1997199.0498213137,2040129.7593888447,2083983.2842481898,2128779.4607372847,2174538.5515852473,2221281.25507785,2269028.714420012,2317802.527299539,2367624.7556564417,2418517.9356622486,2470505.087913833,2523609.727846355,2577855.8763700393,2633268.070735592,2689871.375633177,2747691.3945299685,2806754.281251412,2867086.751811424,2928716.0964968945,2991670.192211946,3055977.5150875407,3121667.1533621363,3188768.820539217,3257312.8688276513,3327330.302870959,3398852.7937716926,3471912.693417278,3546543.0491138007,3622777.618534346,3700650.884988666,3780198.07302107,3861455.164343604,3944458.9141117153
16,Kansas,1283958.0,1295800.2295688635,1307751.6826490583,1319813.3666332678,1331986.2982055824,1344271.5034271951,1356670.017822889,1369182.886468322,1381811.164078117,1394555.915094764,1407418.2137783414,1420399.144297068,1433499.800818686,1446721.2876026891,1460064.7190934021,1473531.220013917,1487121.9254608962,1500837.9810002507,1514680.5427637,1528650.777546223,1542749.8629044078,1556978.987255708,1571339.3499786155,1585832.1615137558,1600458.643465917,1615220.0287070195,1630117.5614800346,1645152.497503863,1660326.1040791792,1675639.6601952536,1691094.4566377578,1706691.7960975666,1722432.9932805614,1738319.3750184479,1754352.2803805952,1770533.0607869064,1786863.08012173,1803343.7148488224,1819976.3541273715,1836762.3999290876,1853703.267156378,1870800.3837616083,1888055.1908674662,1905469.1428884335,1923043.7076533795
17,Kentucky,2156391.0,2166831.7982071172,2177323.1485948,2187865.295926227,2198458.4861496696,2209102.966404231,2219798.985025608,2230546.79155189,2241346.6367293764,2252198.7725184294,2263103.4520993503,2274060.929878287,2285071.4614931694,2296135.3038196736,2307252.7149772136,2318423.954334965,2329649.282517914,2340928.9614129406,2352263.2541749254,2363652.425232891,2375096.74029617,2386596.466360606,2398151.8717147787,2409763.2259462676,2421430.7999479384,2433154.865924264,2444935.697397675,2456773.569214941,2468668.757553583,2480621.539928315,2492632.1951975217,2504701.003569761,2516828.246610302,2529014.207247696,2541259.1697803745,2553563.419883284,2565927.244614549,2578350.9324221704,2590834.7731507546,2603379.0580482753,2615984.079772868,2628650.1323996596,2641377.5114276265,2654166.5137864905,2667017.4378436455
18,Louisiana,5953395.0,5965378.488541446,5977386.098445177,5989417.878264678,6001473.876651164,6013554.142353782,6025658.724219804,6037787.671194824,6049941.032322962,6062118.856747054,6074321.193708857,6086548.092549245,6098799.6027084105,6111075.773726062,6123376.655241626,6135702.29699445,6148052.748823995,6160428.060670049,6172828.2825729195,6185253.464673641,6197703.657214176,6210178.910537616,6222679.27508839,6235204.801412465,6247755.54015755,6260331.542073303,6272932.858011534,6285559.538926414,6298211.6358746765,6310889.200015827,6323592.28261235,6336320.935029914,6349075.208737581,6361855.155308015,6374660.826417688,6387492.273847093,6400349.5494809495,6413232.705308415,6426141.793423296,6439076.866024257,6452037.975415031,6465025.174004637,6478038.514307581,6491078.048944078,6504143.830640262
19,Maine,735258.0,752081.8195245044,769290.5935865901,786893.1305306283,804898.4402492841,823315.7387952489,842154.4530984937,861424.2257914623,881134.9201446709,901296.6251152424,921919.6605109589,943014.5822724748,964592.187876396,986663.5218619892,1009239.8814843502,1032332.8224969265,1055954.1650663516,1080115.9998226208,1104830.6940477027,1130110.8980057575,1155969.5514181983,1182419.8900869132,1209475.452669036,1237150.0876067341,1265457.9602155604,1294413.5599349977,1324031.707744906,1354327.5637516703,1385316.6349479302,1417014.7831498643,1449438.233116091,1482603.5808523435,1516527.802106167,1551228.2610559878,1586722.7191990023,1623029.3444424334,1660166.7204028093,1698153.855918023,1737010.1947770438,1776755.6256722575,1817410.492379533,1858995.604171222,1901532.2464674276,1945042.191730986,1989547.710611744
20,Maryland,1695483.0,1701777.5987176185,1708095.5665713567,1714436.9903207603,1720801.9570474753,1727190.5541564445,1733602.8693771078,1740038.9907646067,1746499.0067009937,1752983.0058964454,1759491.0773904815,1766023.310553187,1772579.7950864395,1779160.621025141,1785765.8787384548,1792395.6589310453,1799050.052644325,1805729.1512577033,1812433.0464898425,1819161.8303999167,1825915.595388876,1832694.4342007157,1839498.4399237495,1846327.7059918877,1853182.326185921,1860062.3946348072,1866968.0058169651,1873899.2545615707,1880856.2360498603,1887839.0458164366,1894847.7797505818,1901882.5340975735,1908943.4054600063,1916030.490799119,1923143.8874361257,1930283.6930535522,1937450.0056965777,1944642.9237743807,1951862.5460614907,1959108.9716991445,1966382.3001966476,1973682.6314327412,1981010.0656569726,1988364.7034910729,1995746.6459303382
21,Massachusetts,2128956.0,2154588.7534933323,2180530.126822701,2206783.8357888004,2233353.640930778,2260243.3480648915,2287456.808829647,2314997.921237501,2342870.6302332045,2371078.928258873,2399626.855825856,2428518.502093493,2457758.0054548397,2487349.554129442,2517297.386763254,2547605.7930357708,2578279.1142744767,2609321.7440766916,2640738.128938901,2672532.7688936647,2704710.218154196,2737275.0857666987,2770232.0362705593,2803585.7903664894,2837341.1255927095,2871502.8770092777,2906075.937890655,2941065.2604266093,2976475.856431561,3012312.798062466,3048581.2185453437,3085286.312910551,3122433.3387369127,3160027.616904806,3198074.532358316,3236579.534876566,3275548.1398543366,3314985.92909208,3354898.5515954485,3395291.724384451,3436171.2333123465,3477542.9338944037,3519412.752146634,3561786.685434623,3604670.8033325872
22,Michigan,3187947.0,3266831.969130402,3347668.9275362543,3430506.1767149586,3515393.2133726613,3602380.758999401,3691520.7901760866,3782866.569631416,3876472.678067285,3972395.0467717163,4070690.991038779,4171419.2444154816,4274639.993796095,4380414.915384876,4488807.211548673,4599881.648581454,4713704.595403296,4830344.063216978,4949869.746145863,5072353.062877361,5197867.199336838,5326487.152417493,5458289.774792312,5593353.820834884,5731759.993676521,5873590.993427786,6018931.566593261,6167868.556709067,6320490.956233392,6476889.959721046,6637159.018313803,6801393.895579094,6969692.724730413,7142156.067263632,7318886.973044251,7499991.041881499,7685576.486626068,7875754.197829184,8070637.810001655,8270343.769512474,8474991.404167568,8684702.99451025,8899603.846885981,9119822.368315104,9345490.14321829
23,Minnesota,2183826.0,2187637.8752854983,2191456.4042115305,2195281.5983920475,2199113.469461272,2202952.029073735,2206797.2889043097,2210649.2606482487,2214507.956021218,2218373.3867593342,2222245.5646191984,2226124.501377933,2230010.208833218,2233902.698803326,2237801.983127158,2241708.0736642806,2245620.9822949604,2249540.720920202,2253467.301461783,2257400.7358622896,2261341.036085155,2265288.214114694,2269242.2819561404,2273203.2516356832,2277171.1352005024,2281145.944718807,2285127.692279871,2289116.389994071,2293112.0499929204,2297114.68442911,2301124.305476543,2305140.925330371,2309164.5562070333,2313195.2103442927,2317232.900001273,2321277.6374584967,2325329.4350179215,2329388.3050029785,2333454.2597586093,2337527.3116513034,2341607.473069137,2345694.756421808,2349789.1741406773,2353890.7386788037,2357999.4625109835
24,Mississippi,1821684.0000000002,1886121.3034713513,1952837.9078964677,2021914.4375808053,2093434.3687036019,2167484.130195447,2244153.208184133,2323534.2541350042,2405723.196816488,2490819.358226114,2578925.5736171105,2670148.315770631,2764597.8236637833,2862388.235688953,2963637.727585415,3068468.655249909,3177007.7025987725,3289386.034660303,3405739.4560823664,3526208.575246795,3650938.9741889047,3780081.384527467,3913791.869617747,4052232.0131477257,4195569.114405422,4343976.390453282,4497633.1854539635,4656725.187400468,4821444.652512534,4991990.637570465,5168569.240467165,5351393.84926906,5540685.400086914,5736672.644068134,5939592.423833239,6149689.959690545,6367219.145974939,6592442.85786887,6825633.269076322,7067072.180733679,7317051.361954943,7575872.902422858,7843849.577452011,8121305.225965093,8408575.141839076
25,Missouri,2342949.0,2372661.4583450705,2402750.7196768504,2433221.562478801,2464078.825833436,2495327.4101908193,2526972.2781468043,2559018.455231148,2591471.030705613,2624335.158372198,2657616.057391613,2691319.013112134,2725449.3779089735,2760012.572034291,2795014.084477985,2830459.4738394,2866354.36921009,2902704.471067777,2939515.552181643,2976793.458529107,3014544.1102242246,3052773.502457865,3091487.706449806,3130692.870412909,3170395.2205295153,3210601.061940231,3251316.7797452444,3292548.840018349,3334303.790833819,3376588.2633063146,3419408.972643967,3462772.7192148245,3506686.389626821,3551156.9578214395,3596191.4861812447,3641797.126651463,3687981.121875785,3734750.8063465697,3782113.60756964,3830077.0472438447,3878648.7424555817,3927836.4068884705,3977647.852048363,4028090.9885038924,4079173.8271427513
26,Montana,609057.0,606967.4380788566,604885.0450581975,602809.796342851,600741.6674220271,598680.6338690275,596626.6713409574,594579.7555784382,592539.8624053205,590506.9677283991,588481.0475371277,586462.0779033361,584450.0349809472,582444.8950056949,580446.6342948447,578455.2292469125,576470.656341387,574492.892138451,572521.9132787053,570557.6964828925,568600.2185516218,566649.4563650952,564705.3868828347,562767.9871434098,560837.2342641662,558913.1054409562,556995.5779478686,555084.6291369606,553180.2364379904,551282.3773581507,549391.0294818024,547506.1704702107,545627.7780612808,543755.8300692949,541890.3043846503,540031.1789735984,538178.4318779843,536332.0412149874,534491.9851768629,532658.2420306846,530830.7901180877,529009.6078550133,527194.6737314537,525385.9663111976,523583.4642315777
27,Nebraska,916329.0,921930.3341294335,927565.9080832418,933235.9311625567,938940.6139479259,944680.1683071328,950454.8074030663,956264.7457016369,962110.1989797418,967991.3843332789,973908.5201852093,979861.8262936698,985851.523760134,991877.8350376246,997940.9839389742,1004041.1956451385,1010178.6967135586,1016353.7150865756,1022566.4800998961,1028817.2224911095,1035106.1744082576,1041433.5694184562,1047799.6425165698,1054204.630133939,1060648.7701471613,1067132.3018869262,1073655.4661469029,1080218.5051926838,1086821.6627707824,1093465.1841176846,1100149.3159689582,1106874.3065684151,1113640.405677332,1120447.8645837256,1127296.9361116851,1134187.874630763,1141120.9360654212,1148096.3779045362,1155114.4592109618,1162175.440631151,1169279.5844048355,1176427.1543747662,1183618.4159965108,1190853.6363483137,1198133.0841410146
28,Nevada,932790.0,962839.1420346862,993856.2950225566,1025872.6427226817,1058920.3734559366,1093032.712466218,1128243.9553241557,1164589.5024068987,1202105.894488642,1240830.8494776778,1280803.3003369013,1322063.4342258992,1364652.7329039713,1408614.0144347062,1453991.4762340372,1500830.7395050623,1549178.8951042977,1599084.550885478,1650597.8805685043,1703770.6741826672,1758656.3901348622,1815310.2089551443,1873789.0887736555,1934151.8225847005,1996459.0973555436,2060773.5550393504,2127159.855553617,2195684.741787403,2266417.1067027245,2339428.0625975695,2414791.0126001695,2492581.7244664053,2572878.4067545454,2655761.787453893,2741315.1951464005,2829624.6427828437,2920778.914157783,3014869.653170255,3111991.455959927,3212241.966011353,3315721.9723219424,3422535.510732337,3532789.968521071,3646596.1923686727,3764068.599799747
29,New Hampshire,554187.0,563810.1301648351,573600.360305255,583560.5920137105,593693.7772670928,604002.9193016298,614491.0735029734,625161.3483117445,636016.9061448005,647060.9643325009,658296.7960722484,669727.7313985862,681357.1581701423,693188.52307371,705225.3326457646,717471.1543117174,729929.6174432166,742604.4144338071,755499.3017932683,768618.1012609546,781964.7009384689,795543.0564420035,809357.1920746911,823411.2020193131,837709.2515517187,852255.5782753135,867054.4933769853,882110.3829048377,897427.7090681109,913011.0115596747,928864.9089014864,944994.099813411,961403.3646058108,978097.5665963162,995081.6535511976,1012360.6591517667,1029939.70448624,1047823.9995675086,1066018.844877262,1084529.632936926,1103361.8499058788,1122521.077207417,1142012.9931829595,1161843.374774972,1182018.0992391165
30,New Jersey,3676290.0,3692143.009201677,3708064.380230291,3724054.4078777838,3740113.38820731,3756241.6185587146,3772439.3975540423,3788707.0251030643,3805044.802408831,3821453.031973251,3837932.0176026896,3854482.064413596,3871103.4788381513,3887796.568629943,3904561.6428696625,3921399.011970829,3938308.9876855365,3955291.8831102247,3972348.012691478,3989477.6922318465,4006681.2388956943,4023958.9712150707,4041311.209095609,4058738.2738224487,4076240.4880661853,4093818.175888844,4111471.66274988,4129201.2755122054,4147007.342448239,4164890.1932459874,4182850.159015147,4200887.572293236,4219002.76705175,4237196.078702346,4255467.844103057,4273818.401564522,4292248.090856253,4310757.25321293,4329346.231340711,4348015.369423585,4366765.013129741,4385595.509617968,4404507.2075440865,4423500.4570673965,4442575.609857169
31,New Mexico,877920.0,885971.8329371571,894097.5131652382,902297.7179738018,910573.1308641599,918924.4416063487,927352.3462966221,935857.5474154725,944440.753886184,953102.6811339222,961844.0511453662,970665.5925288873,979568.0405752802,988552.1373190501,997618.6316002633,1006768.2791269636,1016001.8425381623,1025320.0914674054,1034723.8026069241,1044213.759772373,1053790.753968163,1063455.5834533924,1073209.0538083834,1083051.9780018288,1092985.176458554,1103009.4771279015,1113125.7155527407,1123334.7349391133,1133637.3862265146,1144034.528158822,1154527.0273558723,1165115.7583856953,1175801.6038374116,1186585.4543947976,1197468.2089105253,1208450.7744810835,1219534.0665223855,1230719.008846071,1242006.5337365079,1253397.582028498,1264893.1031856993,1276494.0553797644,1288201.4055702055,1300016.1295849932,1311939.2122018924
32,New York,4938300.0,4977424.241941479,5016858.45012792,5056605.080302061,5096666.607662539,5137045.527018036,5177744.352942634,5218765.61993242,5260111.882563307,5301785.71565013,5343789.714406985,5386126.494608846,5428798.6927544605,5471808.966230538,5515159.993477234,5558854.474154951,5602895.1293124575,5647284.701556338,5692025.955221791,5737121.6765447715,5782574.673835508,5828387.777653382,5874563.840983206,5921105.739412887,5968016.371312503,6015298.658014797,6062955.543997103,6110989.997064712,6159405.008535688,6208203.5934271505,6257388.790643035,6306963.66316334,6356931.298234867,6407294.807563483,6458057.327507896,6509222.019274974,6560792.069116604,6612770.688528113,6665161.114448267,6717966.609460845,6771190.461997816,6824835.986544126,6878906.523844101,6933405.441109495,6988336.132229179
33,North Carolina,3061746.0,3114664.1513293562,3168496.921552676,3223260.1186243217,3278969.823717834,3335642.395948154,3393294.477175467,3451942.996892073,3511605.1771937204,3572298.5378368595,3634040.9013833096,3696850.39843384,3760745.472952207,3825744.8876812137,3891867.7296523717,3959133.415790798,4027561.698616979,4097172.672047085,4167986.777293533,4240024.808867536,4313307.920685393,4387857.632280326,4463695.835121673,4540844.7990433,4619327.178783126,4699166.020635668,4780384.76921957,4863007.274362097,4947057.79810262,5032561.02181715,5119542.053466,5208026.434966724,5298040.149694484,5389609.630112043,5482761.765531645,5577523.910011041,5673923.890385986,5771990.014441573,5871751.0792247895,5973236.379500752,6076475.716355096,6181499.405945035,6288338.288401687,6397023.736886253,6507587.666802722
34,North Dakota,625518.0,606145.1460162954,587372.2867113593,569180.8397113787,551552.7981553389,534470.7128708753,517917.6751021556,501877.29977269453,486333.70926653425,471271.51771173644,456675.8157506285,442532.1557817289,428826.5376587437,415545.3948324774,402675.58092194167,390204.35670136893,378119.37749024946,366408.6809339107,355060.67516254284,344064.12731695,333408.15242966934,323082.2026504516,313076.0568054386,303379.8102797019,293983.8652131288,284878.9209999502,276055.9650825068,267506.26403014053,259221.35489438064,251193.0368318678,243413.36298672325,235874.63262432875,228569.38350873,221490.38451611905,214630.6284770836,207983.32524053837,201541.89495247265,195299.9615428611,189251.3464142909,183390.06232605752,177710.30746767583,172206.4597159396,166873.0710698453,161704.86225787108,156696.71751227335
35,Ohio,4159146.0,4190909.183954204,4222914.941709594,4255165.125789806,4287661.602866104,4320406.253865423,4353400.97407924,4386647.673273278,4420148.275798041,4453904.720700199,4487918.96183482,4522192.967978465,4556728.72294314,4591528.225691119,4626593.49045065,4661926.546832539,4697529.439947623,4733404.230525146,4769552.995032037,4805977.825793093,4842680.831112091,4879664.135393814,4916929.879267015,4954480.219708316,4992317.3301670635,5030443.400691122,5068860.638053639,5107571.265880775,5146577.5247804085,5185881.672471827,5225485.983916402,5265392.751449268,5305604.284912007,5346122.911786339,5386950.977328845,5428090.8447067095,5469544.895134501,5511315.528012004,5553405.161063093,5595816.230475677,5638551.191042706,5681612.516304258,5725002.69869071,5768724.249666998,5812779.69987799
36,Oklahoma,2019215.9999999998,2032355.7033460122,2045580.911067991,2058892.1795710633,2072290.0688810672,2085775.1426681138,2099347.968270301,2113009.116717582,2126759.1627557916,2140598.684870823,2154528.2653129683,2168548.4901214144,2182659.9491488975,2196863.2360865204,2211158.948488729,2225547.6877984526,2240030.059372408,2254606.672506567,2269278.140461792,2284045.0804896336,2298908.113858304,2313867.8658788106,2328924.965931266,2344080.047491366,2359333.748157042,2374686.7096752846,2390139.577969143,2405693.0031649014,2421347.6396194287,2437104.14594771,2452963.185050555,2468925.424142487,2484991.5347798136,2501162.192888881,2517438.0787945106,2533819.877248621,2550308.277459038,2566903.9731184877,2583607.6624337854,2600420.0481552063,2617341.837606054,2634373.742712417,2651516.480033123,2668770.7707898812,2686137.34089763
37,Oregon,1256523.0,1261005.2034541222,1265503.3955911447,1270017.6334450652,1274547.9742533301,1279094.47545756,1283657.1947042786,1288236.1898456428,1292831.5189401768,1297443.2402535086,1302071.412259108,1306716.093639028,1311377.34328465,1316055.2202974288,1320749.7839896434,1325461.0938851484,1330189.2097201284,1334934.191443856,1339696.0992194524,1344474.9934246482,1349270.9346525515,1354083.9837124145,1358914.2016304052,1363761.6496503805,1368626.3892346637,1373508.482064823,1378407.990042454,1383324.9752899648,1388259.5001513625,1393211.6271930453,1398181.4192045946,1403168.9391995713,1408174.2504163156,1413197.416318748,1418238.5005971736,1423297.5671690912,1428374.6801800022,1433469.9040042246,1438583.303245709,1443714.9427388583,1448864.8875493486,1454033.2029749556,1459219.9545463813,1464425.2080280858,1469649.0294191204
38,Pennsylvania,4175606.9999999995,4174012.7196293534,4172419.0479677883,4170825.984782894,4169233.5298423497,4167641.6829139227,4166050.443765469,4164459.8121649334,4162869.787880349,4161280.3706798377,4159691.56033161,4158103.356603965,4156515.75926529,4154928.768084061,4153342.3828288415,4151756.603268285,4150171.4291711315,4148586.860306211,4147002.8964424403,4145419.5373488255,4143836.78279446,4142254.632548527,4140673.0863802955,4139092.144059124,4137511.8053544587,4135932.070035835,4134352.9378728736,4132774.408635286,4131196.4820928704,4129619.1580155124,4128042.436173186,4126466.316335954,4124890.798273965,4123315.8817574563,4121741.5665567536,4120167.8524422697,4118594.7391845044,4117022.2265540464,4115450.314321571,4113879.0022578416,4112308.2901337086,4110738.177720111,4109168.6647880734,4107599.7511087097,4106031.4364532204
39,Rhode Island,274350.0,271845.199266576,269363.2672290301,266903.9950973998,264467.1759879638,262052.60490583794,259660.07872773035,257289.3961848539,254940.35784599461,252612.7661007348,250306.42514282922,248021.14095373315,245756.72128628072,243512.97564851234,241289.7152876497,239086.7531742173,236903.9039863086,234740.98409399617,232597.81154388384,230474.20604380022,228369.9889476317,226284.98324029412,224219.01352284147,222171.9059977107,220143.48845410117,218133.59025348752,216142.042315265,214168.67710252563,212213.32860796445,210275.8323399142,208356.02530850773,206453.74601196658,204568.83442301484,202701.131975417,200850.48155063877,199016.72746462963,197199.715454726,195399.29266667424,193615.30764177168,191847.6103041255,190096.05194802774,188360.48522544553,186640.7641336256,184936.74400281196,183248.2814840757
40,South Carolina,1958859.0000000002,2009228.2718879,2060892.7179310184,2113885.641689829,2168241.203078476,2223994.4403846865,2281181.2928559026,2339838.6238661744,2400004.2446787623,2461716.938819759,2525016.487078445,2589943.693150492,2656540.409940546,2724849.5665411428,2794915.195905348,2866782.463230959,2940497.69507457,3016108.4092142573,3093663.3452801476,3173212.4961726037,3254807.140288285,3338499.8745748564,3424344.64843565,3512396.7985061402,3602713.084324642,3695351.7249202346,3790372.436341489,3887836.470150194,3987806.6529048937,4090347.426659688,4195524.890504402,4303406.843172903,4414062.826747027,4527564.171484292,4643984.041798289,4763397.4834214,4885881.471780231,5011514.9616149515,5140378.93787453,5272556.467920663,5408132.755074052,5547195.193537557,5689833.424731606,5836139.395078204,5986207.415270763
41,South Dakota,433473.0,433543.7252922078,433614.4621239278,433685.2104970427,433755.97041343566,433826.74187499005,433897.5248835896,433968.3194411183,434039.12554946047,434109.94321050076,434180.7724261241,434251.61319821567,434322.46552866104,434393.3294193461,434464.204872157,434535.09188898024,434605.9904717026,434676.9006222111,434747.8223423932,434818.7556341366,434889.7004993293,434960.65693985956,435031.6249576161,435102.6045544878,435173.59573236393,435244.598493134,435315.61283868796,435386.6387709159,435457.6762917083,435528.725402956,435599.7861065501,435670.8584043819,435741.9422983432,435813.03779032594,435884.1448822225,435955.2635759256,436026.39387332805,436097.5357763232,436168.6892868045,436239.854406666,436311.03113780176,436382.2194821063,436453.41944147437,436524.6310178011,436595.854212982
42,Tennessee,2699604.0,2750821.6676254356,2803011.051649643,2856190.5877570924,2910379.06139939,2965595.6144311614,3021859.7518718326,3079191.3487956976,3137610.6573527064,3197138.3139224537,3257795.346403894,3319603.181643361,3382583.6530035124,3446759.0080758734,3512151.91653971,3578785.4781699968,3646683.230997318,3715869.15962258,3786367.7036894714,3858203.7665176685,3931402.723899828,4005990.433065481,4081993.241814995,4159437.9978268235,4238352.058141338,4318763.298824588,4400700.12481541,4484191.479959353,4569266.857232971,4655956.309162098,4744290.458437775,4834300.508733594,4926018.255728262,5019476.098337295,5114707.050157807,5211744.751130415,5310623.479422419,5411378.16353642,5514044.394648668,5618658.439181501,5725257.251614305,5833878.487537536,5944560.516954398,6057342.43783489,6172264.089927002
43,Texas,17514504.0,18441034.475976847,19416579.113183375,20443730.797728933,21525219.58135434,22663919.93759728,23862858.401814315,25125221.615365844,26454364.795344487,27853820.652358517,29327308.780072752,30878745.54146324,32512254.478062294,34232177.26986042,36043085.274995334,37949791.67989927,39957364.29219815,42071139.01036491,44296734.00592753,46640064.65592663,49107359.26531132,51705175.621061675,54440418.42203673,57320357.63087464,60352647.79672218,63545348.4001512,66906945.27433654,70446373.1594304,74173039.45008011,78096849.19920759,82228231.44450748,86578166.927637,91158217.2797718,95980555.75109978,101057999.56592827,106404043.9894008,112032898.19636898,117959523.03775457,124199670.80478083,130769927.09676154,137687754.9037277,144971541.02105847,152640644.91948107,160715450.20033056,169217418.7728317
44,Utah,1102887.0,1119163.000435885,1135679.1960959309,1152439.1316928533,1169446.404250934,1186704.663878015,1204217.6145488864,1221989.0149002352,1240022.6790373253,1258322.4773525824,1276892.3373562586,1295736.2445193576,1314858.2431289968,1334262.4371563946,1353952.9911376662,1373934.1310676178,1394210.145306732,1414785.385501537,1435664.2675185585,1456851.2723920557,1478350.9472857418,1500167.9064686988,1522306.8323056933,1544772.476262108,1567569.6599237027,1590703.2760314257,1614178.2895314954,1637999.738640979,1662172.7359290966,1686702.4694144838,1711594.2036786454,1736853.280995843,1762485.1224796548,1788495.2292464585,1814889.1835960825,1841672.6502098816,1868851.377366493,1896431.1981755346,1924418.0318295092,1952817.884874184,1981636.8524977178,2010881.1198388133,2040556.9633141735,2070670.7519655493,2101228.9488266655
45,Vermont,290811.0,294335.8027552447,297903.32822202164,301514.09422507364,305168.62486548844,308867.4505967714,312611.1083018407,316400.14137095585,320235.0997805902,324116.54017326003,328045.02593832085,332021.1272937432,336045.42136887944,340118.49228823395,344240.9312562484,348413.3366431149,352636.3140716292,356910.47650509636,361236.44433630246,365614.845477564,370046.31545186933,374531.49748512433,379071.0425995165,383665.60970801057,388315.86570998933,393022.4855880538,397786.15250599675,402607.55790796346,407487.4016188147,412426.39194570575,417425.2457808972,422484.6887058114,427605.4550963501,432788.2882294891,438033.94039116445,443343.1729854662,448716.75664515625,454155.47134352505,459660.1065076046,465231.46113275323,470870.3438986296,476577.573286572,482353.97769840085,488200.3955766606,494117.67552631925
46,Virginia,2902623.0,2886568.7282963805,2870603.2520167395,2854726.0800377503,2838936.7239524666,2823234.6980552985,2807619.5193270706,2792090.707420164,2776647.784643739,2761290.2759490437,2746017.7089147964,2730829.6137326565,2715725.5231927712,2700704.972669403,2685767.5001066383,2670912.646004172,2656139.953403175,2641448.967872235,2626839.237493379,2612310.312848171,2597861.747003888,2583493.0954997693,2569203.916333347,2554993.7699468485,2540862.2192136734,2526808.829424949,2512833.1682761563,2498934.805853833,2485113.3146223472,2471368.2694107476,2457699.2473996826,2444105.828108395,2430587.5933817867,2417144.127377556,2403775.016553406,2390479.849654322,2377258.2176999217,2364109.713971874,2351033.934001389,2338030.4755567727,2325098.9386310573,2312238.9254296944,2299450.040358318,2286731.890010577,2274084.083156032
47,Washington,3105642.0,3191109.2674846766,3278928.594160753,3369164.708696907,3461884.121094772,3557155.171711218,3655048.0816297284,3755635.0044179964,3858990.079309889,3965189.4858509814,4074311.5000479342,4186436.5520631024,4301647.285496899,4420028.618301612,4541667.805371568,4666654.50285577,4795080.834240438,4927041.458250119,5062633.6386174485,5201957.315772973,5345115.180507878,5492212.749663908,5643358.443906282,5798663.667636913,5958242.891106843,6122213.734788408,6290697.056069328,6463817.038332623,6641701.282487997,6824480.901022174,7012290.614637501,7205268.851550032,7403557.849520318,7607303.760692059,7816656.759315936,8031771.152437989,8252805.4936341485,8479922.699874738,8713290.171605084,8953079.91613075,9199468.674398325,9452638.051265236,9712774.649354558,9980070.206593536,10254721.737537147
48,West Virginia,751719.0,757629.8075254265,763587.0920530341,769591.2190340278,775642.556793175,781741.4765514013,787888.3524485624,794083.561566396,800327.4839516545,806620.5026394182,812963.0036765935,819355.3761455944,825798.0121882114,832291.3070296672,838835.6590028619,845431.4695728092,852079.1433612638,858779.0881715436,865531.7150135459,872337.4381289618,879196.675016687,886109.8464584339,893077.3765445445,900099.6927000063,907177.2257106728,914310.4097496902,921499.6824041319,928745.4847018421,936048.2611384912,943408.4597048435,950826.5319142387,958302.9328302909,965838.121094804,973432.5589559076,981086.7122964134,988801.0506623953,996576.0472919934,1004412.1791444452,1012309.9269293449,1020269.7751361321,1028292.2120638136,1036377.7298509178,1044526.8245056854,1052739.9959364966,1061017.747982539
49,Wisconsin,1942398.0,1968467.178680891,1994886.235232896,2021659.8654128776,2048792.8280000684,2076289.9456419018,2104156.1057111956,2132396.2611748404,2161015.431474146,2190018.703417003,2219411.23208202,2249198.2417347906,2279385.026756465,2309976.952584777,2340979.456667706,2372398.0494299335,2404238.315252276,2436505.9134642575,2469206.5793500068,2502346.1251676544,2535930.441182411,2569965.4967135093,2604457.341195201,2639412.1052519884,2674836.0017882907,2710735.3270927332,2747116.461957258,2783985.8728112546,2821350.1128709093,2859215.823303984,2897589.734410226,2936478.666817619,2975889.532694691,3015829.3369790916,3056305.1786226584,3097324.251853194,3138893.8474531784,3181021.354055639,3223714.2594574187,3266980.151950065,3310826.7216685833,3355261.761958291,3400293.170760015,3445928.952013886,3492177.2170819645
50,Wyoming,570648.0,561040.4453060894,551594.6455069588,542307.8772617773,533177.4630804762,524200.77055179613,515375.2115843302,506698.2416603451,498167.35910216544,489780.10435090883,481534.05925736495,473426.84638481314,465456.128323578,457619.6070171252,449915.0230995036,442340.15524394193,434892.8195224129,427570.86877597973,420372.1919957437,413294.7137142143,406336.39340692596,399495.2249041301,392769.23581239127,386156.48694592185,379655.07176749076,373263.1158387453,366978.77627978736,360800.24123784824,354725.7293649094,348753.4893041176,342881.7991848471,337108.96612626297,331433.3257492429,325853.24169651594,320367.10516088037,314973.33442136494,309670.37438719906,304456.6961494609,299330.796540274,294291.19769942545,289336.4466482806,284465.1148708712,279675.7979020367,274967.1149224995,270337.7083607579
